id,answer,citations
q001,"The grace period for premium payments is 30 days from the due date [faq_database:p1:Grace Period and Penalties]. If the premium remains unpaid beyond this 30-day period, coverage may be suspended until the outstanding amount is settled [historical_tickets:p1:Grace Period and Penalties]. If a premium payment is missed, a late fee may be applied and coverage may be suspended until the payment is made [historical_tickets:p1:Grace Period and Penalties].",faq_database#Grace Period and Penalties; historical_tickets#Grace Period and Penalties; faq_database#Grace Period and Penalties; historical_tickets#Grace Period and Penalties; historical_tickets#Grace Period and Penalties; historical_tickets#Coverage
q002,"لا توجد معلومات محددة في سياق المستندات المقدمة حول مدة سماح سداد القسط [LIFE-Policy-UAE-1.0:p2:Coverage Options][faq_database:p1:Coverage].

خطوات للتحقق من المعلومة:
- راجع LIFE-Policy-UAE-1.0، القسم Coverage Options، لمعرفة ما إذا كانت مدة سماح سداد القسط مذكورة ضمن سياسات التغطية والاشتراكات. [LIFE-Policy-UAE-1.0:p2:Coverage Options]
- راجع قسم Coverage في الأسئلة الشائعة (FAQ) للتحقق من وجود أي ذكر لموعد سماح أو سياسات التأجيل. [faq_database:p1:Coverage]",LIFE-Policy-UAE-1.0#Coverage Options; faq_database#Coverage; LIFE-Policy-UAE-1.0#Coverage Options; faq_database#Coverage; historical_tickets#Steps; faq_database#Mixed Product Benefits; LIFE-Policy-UAE-1.0#Coverage Options; faq_database#Coverage; historical_tickets#Exclusions
q003,"Step 1: Prepare the required documents — a completed claim form, your policy schedule, proof of loss, and supporting documents. Submissions must be made within 30 days of the incident. [CLA-Procedure-KSA-3.1:p3:Required Documents] Step 2: Submit the documents as part of the process flow (i.e., complete the claim form and attach the documents). [CLA-Procedure-KSA-3.1:p2:Process Flow] Step 3: Notify the insurer within 24 hours as an initial step in the flow. [CLA-Procedure-KSA-3.1:p2:Process Flow] Step 4: After submission, the claim will undergo an internal review and a decision will be issued. [CLA-Procedure-KSA-3.1:p2:Process Flow] Optional context: In UAE life policy terms, claims are processed within 30 days of filing. [LIFE-Policy-UAE-1.0:p4:Claims Process]",CLA-Procedure-KSA-3.1#Required Documents; CLA-Procedure-KSA-3.1#Process Flow; LIFE-Policy-UAE-1.0#Claims Process; CLA-Procedure-KSA-3.1#Process Flow; faq_database#Steps; LIFE-Policy-UAE-1.0#Claims Process; CLA-Procedure-KSA-3.1#Required Documents; historical_tickets#Appeal Submission
q004,"Steps for refund processing:
1. Submit a refund request: Provide your policy number via email or the web portal, including the reason for the refund and any supporting documents. [faq_database:p1:Steps]
2. Validate and approve the request: The process includes validation of the request followed by approval before proceeding. [REF-Process-UAE-1.2:p2:Refund Workflow]
3. Fund transfer: After approval, the unused premium amount is transferred to you. This refund covers unused premium amounts. [REF-Process-UAE-1.2:p2:Refund Workflow][REF-Process-UAE-1.2:p1:Refund Overview]
Note: Some materials indicate the refund workflow diagram shows five steps in total. [faq_database:p1:Refund Workflow][historical_tickets:p1:Refund Workflow]",faq_database#Steps; REF-Process-UAE-1.2#Refund Workflow; REF-Process-UAE-1.2#Refund Workflow; REF-Process-UAE-1.2#Refund Overview; faq_database#Refund Workflow; historical_tickets#Refund Workflow; faq_database#Refund Workflow; historical_tickets#Refund Workflow; REF-Process-UAE-1.2#Refund Workflow; faq_database#Steps; REF-Process-UAE-1.2#Refund Overview
q005,"In the provided materials, the only listed change-related documentation covers:
- Name change: notarised form and valid ID to change the beneficiary or legal name on your policy [faq_database:p1:Procedure]
- Bank account details change: a valid ID and a recent bank statement; sensitive changes may require supervisor approval [historical_tickets:p2:Procedure]
- General claims documentation: a completed claim form, policy schedule, proof of loss and supporting documents, with submissions within 30 days of the incident [CLA-Procedure-KSA-3.1:p3:Required Documents]
A specific address-change requirement is not described in these items.",faq_database#Procedure; historical_tickets#Procedure; CLA-Procedure-KSA-3.1#Required Documents; faq_database#Procedure; historical_tickets#Procedure; CLA-Procedure-KSA-3.1#Claims Overview; CLA-Procedure-KSA-3.1#Required Documents; historical_tickets#Procedure
q006,"لا توجد معلومات في الوثيقة المقدمة حول تغطية عمليات الجراحة. الوثيقة LIFE-Policy-UAE-1.0 تعرض خيارات التغطية لالتأمين على الحياة وتبيّن أمثلة للحدود والتكاليف في جدول التغطية، لكنها لا تذكر تغطية خاصة بالجراحات. أمثلة الحد والتكلفة المذكورة في الوثيقة: 500,000 درهم تغطية مقابل قسط 2,000 درهم سنويًا؛ 1,000,000 درهم تغطية مقابل 3,500 درهم سنويًا؛ و2,000,000 درهم تغطية مقابل 6,000 درهم سنويًا.",LIFE-Policy-UAE-1.0#Coverage Options; LIFE-Policy-UAE-1.0#Coverage Options; LIFE-Policy-UAE-1.0#Coverage Options; LIFE-Policy-UAE-1.0#Coverage Options; LIFE-Policy-UAE-1.0#Coverage Options; faq_database#Mixed Product Benefits; faq_database#Coverage; LIFE-Policy-UAE-1.0#Coverage Options; faq_database#Coverage; faq_database#Refund Workflow
q007,"Here is what the appeals process entails: 1) Policyholders may challenge a decision through an appeal, and the process covers how to lodge an appeal, the evidence required, and the timelines involved [APP-Process-KSA-2.1:p1:Appeal Introduction]. 2) The appeals committee considers new evidence, assesses procedural errors, and issues a binding decision [faq_database:p1:Appeal Submission]. 3) After an appeal is submitted, the next stage is Internal Review, during which the appeal is assessed [historical_tickets:p1:Appeal Flow]. 4) The Decision stage comes after the Internal Review [historical_tickets:p1:Appeal Flow]. 5) The final decision is issued within 15 days after the hearing [historical_tickets:p1:Appeal Submission]. 6) The process also covers reconsideration as discussed in the introduction [APP-Process-KSA-2.1:p1:Appeal Introduction].",APP-Process-KSA-2.1#Appeal Introduction; faq_database#Appeal Submission; historical_tickets#Appeal Flow; historical_tickets#Appeal Submission; historical_tickets#Appeal Flow; historical_tickets#Appeal Flow; faq_database#Appeal Submission; historical_tickets#Appeal Submission; APP-Process-KSA-2.1#Appeal Introduction
q008,"The provided excerpts do not include a definition or direct comparison of comprehensive versus third‑party coverage. The material does indicate that motor insurance protects against losses from accidents, theft or damage, and that policies can be bundled with home and health coverage. However, a precise explanation of how comprehensive and third‑party coverages differ is not available in the given context.",MOT-Policy-UAE-1.0#Introduction; MIX-Policy-UAE-1.0#Introduction; MIX-Policy-UAE-1.0#Introduction; MOT-Policy-UAE-1.0#Introduction; HLTH-Policy-KSA-1.0#Introduction; LIFE-Policy-UAE-1.0#Introduction
q009,نعم، يغطي البرنامج إدارة الأمراض المزمنة بما في ذلك السكري، وفقاً للحدود السنوية المنصوص عليها. [faq_database:p1:Coverage],faq_database#Coverage; faq_database#Coverage; faq_database#Premiums; historical_tickets#التغطية; historical_tickets#Coverage
q010,"The maximum coverage limit for hospitalisation is AED 250,000, as listed for the Health component in the Coverage Summary. The summary presents three components—Home (AED 800,000), Motor (AED 500,000), and Health (AED 250,000)—and does not specify a separate hospitalisation limit beyond the Health limit, so hospitalisation would be governed by the Health limit of AED 250,000 [MIX-Policy-UAE-1.0:p2:Coverage Summary].",MIX-Policy-UAE-1.0#Coverage Summary; historical_tickets#Coverage; MIX-Policy-UAE-1.0#Coverage Summary; faq_database#Coverage; faq_database#Coverage; historical_tickets#Coverage Details
q011,"OTP login consists of four sequential steps to access your insurance dashboard: 

1) Enter your credentials (username and password) to begin. The Step by Step Procedure explicitly states this initial action as step 1, and the flowchart confirms the first step is 'Enter Credentials' [OTP-Procedure-UAE-2.1:p2:Step by Step Procedure].

2) Receive the OTP. After submitting your credentials, a one-time password is sent to you (typically via SMS or email). This is described in the Login Introduction as OTPs sent by SMS or email, and the Step by Step Procedure lists 'Receive OTP' as step 2 [OTP-Procedure-UAE-2.1:p1:Login Introduction][OTP-Procedure-UAE-2.1:p2:Step by Step Procedure].

3) Enter the OTP within the time limit. You must input the OTP within the allowed time to proceed, per the Step by Step Procedure [OTP-Procedure-UAE-2.1:p2:Step by Step Procedure].

4) Access your dashboard. Upon successful OTP verification, you gain access to your dashboard, as described in the Step by Step Procedure [OTP-Procedure-UAE-2.1:p2:Step by Step Procedure].

Additional context: The entire process is titled 'OTP Login Flow' and is depicted as four steps in the flowchart (Enter Credentials → Receive OTP → Enter OTP → Access Dashboard) [OTP-Procedure-UAE-2.1:p2:Step by Step Procedure]. The OTP approach provides enhanced security (OTP login) as introduced in the Login Introduction [OTP-Procedure-UAE-2.1:p1:Login Introduction].",OTP-Procedure-UAE-2.1#Step by Step Procedure; OTP-Procedure-UAE-2.1#Login Introduction; OTP-Procedure-UAE-2.1#Step by Step Procedure; OTP-Procedure-UAE-2.1#Step by Step Procedure; faq_database#Step‑by‑Step Procedure; historical_tickets#Step‑by‑Step Procedure; OTP-Procedure-UAE-2.1#Login Introduction
q012,وفقاً لسجل الاستفسارات المحفوظ، الاستثناءات في وثيقة التأمين على الحياة هي: 1) الانتحار في السنة الأولى من العقد [historical_tickets:p1:Exclusions]. 2) المشاركة في الأنشطة الخطرة أو المخالفة للقانون [historical_tickets:p1:Exclusions].,historical_tickets#Exclusions; historical_tickets#Exclusions; historical_tickets#Exclusions; faq_database#Mixed Product Benefits; faq_database#Coverage; historical_tickets#التغطية; historical_tickets#Coverage
q013,"Motor insurance claim handling is described as a four-stage flow that starts when you notify the insurer and ends with a final settlement. The stages and their actions are:
- Stage 1 – Notify Insurer: Contact the insurer within 24 hours of the incident. [CLA-Procedure-KSA-3.1:p2:Process Flow]
- Stage 2 – Submit Documents: Complete the claim form and attach the required documents. [CLA-Procedure-KSA-3.1:p2:Process Flow]
- Stage 3 – Internal Review: The insurer evaluates the claim. [CLA-Procedure-KSA-3.1:p2:Process Flow]
- Stage 4 – Decision: The insurer makes a payment or denial (leading toward final settlement). [CLA-Procedure-KSA-3.1:p2:Process Flow]

The flow diagram is described as illustrating the stages from notifying the insurer to final settlement, and it is accompanied by a table that summarises key responsibilities at each stage. [CLA-Procedure-KSA-3.1:p2:Process Flow]",CLA-Procedure-KSA-3.1#Process Flow; MOT-Policy-UAE-1.0#Introduction; LIFE-Policy-UAE-1.0#Claims Process; historical_tickets#Exclusions; CLA-Procedure-KSA-3.1#Process Flow; historical_tickets#Coverage
q014,"The mixed policy provides theft coverage up to $50,000 with a deductible of $100, as indicated in the coverage details [faq_database:p1:Coverage]. Among the mixed policy components, Home coverage has the highest limit [historical_tickets:p1:Multi‑Plan Coverage]. There are exclusions: accidents from prohibited activities, wars, or natural disasters are not covered unless explicitly stated otherwise [faq_database:p1:الاستثناءات].",faq_database#Coverage; historical_tickets#Multi‑Plan Coverage; faq_database#الاستثناءات; faq_database#الاستثناءات; faq_database#التغطية; historical_tickets#Multi‑Plan Coverage; historical_tickets#Coverage; historical_tickets#Exclusions
q015,"إليك خطوات عملية لتصعيد طلب الخدمة عند الحاجة:
1) تصعيد الطلب إلى القسم المختص إذا لم يتم الرد خلال الزمن المحدد. [faq_database:p1:Escalation]
2) بعد التصعيد، ستتلقى تقديراً زمنياً جديداً للمعالجة. [faq_database:p1:Escalation]",faq_database#Escalation; faq_database#Escalation; APP-Process-KSA-2.1#Reconsideration; historical_tickets#Procedure; historical_tickets#Procedure; historical_tickets#Steps
q016,"Documents required for changing bank account details:\n- A valid ID. [historical_tickets:p1:Procedure]\n- A recent bank statement. [historical_tickets:p1:Procedure]\n\nNote: Sensitive bank account changes may require supervisor approval. [historical_tickets:p1:Procedure]\n\nStep-by-step:\n1) Gather a valid government-issued ID. [historical_tickets:p1:Procedure]\n2) Gather a recent bank statement showing your account details. [historical_tickets:p1:Procedure]\n3) Submit these documents to initiate the bank account change. [historical_tickets:p1:Procedure]\n4) If the change is considered sensitive, expect supervisor approval. [historical_tickets:p1:Procedure]",historical_tickets#Procedure; historical_tickets#Procedure; historical_tickets#Grace Period and Penalties; historical_tickets#Procedure; faq_database#Procedure
q017,"The appeals hearings follow a four-stage process: Submit Appeal, Internal Review, Decision, and Notification. The process is presented as a sequence in the appeal flow, with a hearing occurring within that process and a final decision issued after the hearing [APP-Process-KSA-2.1:p2:Appeal Flow]. According to resolved tickets, the hearing is a component of the appeal process, and the final decision is issued within a defined window after the hearing [historical_tickets:p1:Appe Submission]. Below are the steps and associated timeframes based on the context provided:

1) Submit Appeal (within 30 days of decision): File your appeal within 30 days of receiving a decision. Include a letter explaining your grounds for appeal and any new evidence. A review committee will examine the case and issue a final decision within 15 days of the hearing. This step establishes the grounds and submission deadline [historical_tickets:p1:Appe Submission]. 

2) Internal Review (15 days): After submission, the appeal enters Internal Review, where the case is assessed by the review process. The Internal Review deadline is 15 days [APP-Process-KSA-2.1:p2:Appeal Flow].

3) Hearing: A hearing is part of the appeal process and precedes the final decision. The resolution notes that a final decision is issued within 15 days after the hearing, indicating the hearing is a key step before the decision [historical_tickets:p1:Appe Submission].

4) Decision (timing post-review/hearing): The official flow specifies the Decision stage follows Internal Review, with the timeline described as 5 days after the review in the process flow. However, a resolved ticket states the final decision is issued within 15 days after the hearing, indicating another timeline associated with the hearing [APP-Process-KSA-2.1:p2:Appeal Flow][historical_tickets:p1:Appe Submission].

5) Notification (3 days after decision): Once a decision is made, you are notified within 3 days after the decision [APP-Process-KSA-2.1:p2:Appeal Flow].",APP-Process-KSA-2.1#Appeal Flow; historical_tickets#Appeal Submission; historical_tickets#Appeal Flow; APP-Process-KSA-2.1#Appeal Flow; historical_tickets#Appeal Submission; historical_tickets#Appeal Flow; historical_tickets#Appeal Submission; historical_tickets#Appeal Flow
q018,المصادر المتاحة تغطي حالياً مواضيع محددة هي: التغطية (Coverage) وخطة الاسترداد (Refund Workflow) وخطوات المطالبات كما يظهر في أقسام Coverage وRefund Workflow وClaims Steps [faq_database:p1:Coverage] [faq_database:p2:Refund Workflow] [historical_tickets:p1:Claims Steps]. ولا يوجد ذكر لـ 'وثيقة المتابعة لخدمة العملاء' ضمن هذه المصادر [faq_database:p1:Coverage] [faq_database:p2:Refund Workflow] [historical_tickets:p1:Claims Steps]. إذا كان المقصود وثيقة أخرى بـ 'وثيقة المتابعة لخدمة العملاء'، يرجى تزويدي بمزيد من التفاصيل أو اسم الوثيقة المقصود لأتمكن من المساعدة بشكل دقيق [faq_database:p1:Coverage] [faq_database:p2:Refund Workflow] [historical_tickets:p1:Claims Steps].,faq_database#Coverage; faq_database#Refund Workflow; historical_tickets#Claims Steps; faq_database#Coverage; faq_database#Refund Workflow; historical_tickets#Claims Steps; historical_tickets#Coverage; faq_database#Coverage
q019,"The knowledge base does not provide life insurance coverage limits by age. It only presents age-based premium amounts. The premiums by age bands shown are:
- <30: 1,500 AED [LIFE-Policy-UAE-1.0:p3:Premium Calculation]
- 30-39: 2,000 AED [LIFE-Policy-UAE-1.0:p3:Premium Calculation]
- 40-49: 3,000 AED [LIFE-Policy-UAE-1.0:p3:Premium Calculation]
- 50-59: 4,500 AED [LIFE-Policy-UAE-1.0:p3:Premium Calculation]
- 60+: 6,000 AED [LIFE-Policy-UAE-1.0:p3:Premium Calculation]

There is no information in the provided content listing coverage limits by age. [LIFE-Policy-UAE-1.0:p3:Premium Calculation]",LIFE-Policy-UAE-1.0#Premium Calculation; historical_tickets#Coverage; faq_database#Coverage; LIFE-Policy-UAE-1.0#Premium Calculation; historical_tickets#Coverage Details
q020,"Here are the steps to update your contact details:
- Submit a request with your ID. [faq_database:p1:Procedure]
- Verify the information with a representative. [faq_database:p1:Procedure]
- Receive confirmation once updated. [faq_database:p1:Procedure]",faq_database#Procedure; faq_database#Procedure; faq_database#Procedure; faq_database#Procedure; OTP-Procedure-UAE-2.1#Troubleshooting; historical_tickets#Procedure; faq_database#Call Flow; historical_tickets#Procedure
q021,لا يوجد ذكر صريح في المصادر المعطاة لتغطية الأمراض الخطيرة ضمن وثيقة التأمين المختلطة. تشير البيانات المتاحة إلى أن الوثيقة المختلطة تغطي العجز الكلي الدائم حتى الحد المذكور في الجدول المرفق [historical_tickets:p1:التغطية]. كما توجد معلومات تفيد بأن وثيقة التأمين الصحي تغطي الأمراض المزمنة وخدمات الأمومة والطوارئ حتى الحدود المذكورة [faq_database:p1:Coverage][historical_tickets:p1:Coverage]. بناء على ذلك، لا يمكن تأكيد وجود تغطية للأمراض الخطيرة ضمن الوثيقة المختلطة من المصادر الحالية؛ يلزم مراجعة جدول التغطيات في الوثيقة المختلطة والتواصل مع شركة التأمين للحصول على توضيح رسمي.,historical_tickets#التغطية; historical_tickets#التغطية; faq_database#Coverage; historical_tickets#Coverage; historical_tickets#التغطية; faq_database#Coverage; historical_tickets#Coverage; faq_database#Coverage; historical_tickets#Exclusions
q022,"Based on the provided knowledge base, there is no documented escalation process in the customer service workflow. The available flow is described as a linear sequence with no branching or escalation paths shown. This is explicitly noted as: “The flow is a linear sequence without any branching or alternative paths shown” [SERV-Process-UAE-1.1:p2:Service Workflow].

The steps in the described flow, in order, are: 1) Greeting, 2) Verification, 3) Issue Identification, 4) Resolution, 5) Closure, 6) Feedback [SERV-Process-UAE-1.1:p2:Service Workflow].

Additional sources corroborate the basic flow: the FAQ states that the first step is Greeting, and that after closure the agent requests feedback from the customer, which aligns with the final Feedback step in the flow [faq_database:p1:Call Flow].

Because none of the provided documents define an escalation path (no branch for escalation, no escalation steps, or escalation owners), an escalation process is not described in these materials. If escalation steps exist, they are not included in the cited sources.",SERV-Process-UAE-1.1#Service Workflow; faq_database#Call Flow; SERV-Process-UAE-1.1#Glossary; SERV-Process-UAE-1.1#Service Workflow; historical_tickets#Service Workflow; faq_database#Call Flow; faq_database#Call Flow
q023,Chronic diseases are managed through chronic disease management programs that are included with the health policy [historical_tickets:p1:Coverage]. These programs cover conditions such as diabetes and hypertension [historical_tickets:p1:Coverage]. Benefits under these programs are subject to annual limits [historical_tickets:p1:Coverage].,historical_tickets#Coverage; historical_tickets#Coverage; historical_tickets#Coverage; historical_tickets#Exclusions; faq_database#Coverage
q024,"الحد الأقصى للتغطية في التأمين المختلط هو 2,000,000 درهم إماراتي. وهذا الحد يظهر كأعلى فئة تغطية في جدول التغطية (المبين في وثيقة التأمين المختلط)، حيث تقترن هذه الفئة بقيمة قسط سنوي قدره 6,000 درهم [LIFE-Policy-UAE-1.0:p2:Coverage Options]. كما تؤكّد المصادر الإضافية أن الحد الأقصى للحد هو 2,000,000 درهم وفق جدول التغطية [faq_database:p1:Coverage]، وأن الوثيقة المختلطة تغطي العجز الكلي الدائم حتى الحد المذكور في الجدول المرفق [historical_tickets:p1:التغطية].",LIFE-Policy-UAE-1.0#Coverage Options; LIFE-Policy-UAE-1.0#Coverage Options; faq_database#Coverage; historical_tickets#التغطية; faq_database#Coverage; LIFE-Policy-UAE-1.0#Coverage Options; historical_tickets#التغطية; faq_database#Mixed Product Benefits; historical_tickets#Coverage
q025,"To submit a refund request, you must provide your policy number and include the reason for the refund along with any supporting documents [faq_database:p1:Steps]. The request should be submitted via email or the web portal [faq_database:p1:Steps].",faq_database#Steps; faq_database#Steps; REF-Process-UAE-1.2#Refund Workflow; REF-Process-UAE-1.2#Refund Overview; faq_database#Refund Workflow; historical_tickets#Refund Workflow
q026,The glossary in the payment policy defines the grace period as 30 days from the due date. Late payments may incur fees and result in suspension of coverage. [faq_database:p2:Grace Period and Penalties] [historical_tickets:p1:Grace Period and Penalties],faq_database#Grace Period and Penalties; historical_tickets#Grace Period and Penalties; faq_database#الاستثناءات; historical_tickets#Grace Period and Penalties; faq_database#التغطية; faq_database#Grace Period and Penalties
q027,"Motor Accident Claim Case Study (Hypothetical)

- Incident occurs and the insured reports the motor accident to the insurer within 24 hours. This aligns with the standard process requiring Notify Insurer within 24h [CLA-Procedure-KSA-3.1:p2:Process Flow].
- The insured submits the required documents and attachments (complete claim form and supporting documents) to the insurer. This follows the Submit Documents step in the process [CLA-Procedure-KSA-3.1:p2:Process Flow].
- The insurer conducts an internal review to evaluate the claim. This corresponds to the Internal Review stage in the flow [CLA-Procedure-KSA-3.1:p2:Process Flow].
- The insurer issues a decision on the claim, which may be a payment or a denial [CLA-Procedure-KSA-3.1:p2:Process Flow].
- The claim is processed within 30 days once filed (as noted for claims processing timelines in the life policy context, which reflects typical processing expectations) [LIFE-Policy-UAE-1.0:p4:Claims Process].
- If the decision is not favorable, the policyholder may file an appeal within 30 days of receiving the decision, including a letter outlining grounds and any new evidence; a review committee will examine the case and issue a final decision within 15 days of the hearing [historical_tickets:p1:Appeal Submission].
- The process flow explicit steps (Notify Insurer -> Submit Documents -> Internal Review -> Decision) are also summarized in the Process Flow FAQ, which confirms the sequence up to the Decision stage [faq_database:p1:Process Flow].",CLA-Procedure-KSA-3.1#Process Flow; CLA-Procedure-KSA-3.1#Process Flow; CLA-Procedure-KSA-3.1#Process Flow; CLA-Procedure-KSA-3.1#Process Flow; LIFE-Policy-UAE-1.0#Claims Process; historical_tickets#Appeal Submission; faq_database#Process Flow; historical_tickets#Appeal Submission; CLA-Procedure-KSA-3.1#Process Flow; LIFE-Policy-UAE-1.0#Claims Process; faq_database#Process Flow
q028,"لا يوجد في المحتوى قناة اتصال محددة لدعم طلب استرداد الأقساط مذكورة صراحة. المسار المتاح هو التعامل مع المطالبة من خلال شركة التأمين وفق خطوات مطلوبة في العملية، وليس هناك تفاصيل اتصال مضافة. وفقاً للمصادر:
1) الخطوات الأساسية للمطالبة كما وردت في مخطط العملية: إخطار شركة التأمين خلال 24 ساعة، إكمال النموذج والمرفقات، المراجعة الداخلية، ثم القرار (دفع أو رفض) [CLA-Procedure-KSA-3.1:p2:Process Flow].
2) إذا لم يتم الرد خلال الزمن المحدد فيمكنك التصعيد إلى القسم المختص وسيتم تزويدك بتقدير زمن معالجة جديد [faq_database:p0:Escalation].
3) بخصوص استرداد المدفوعات، مدة المعالجة المذكورة هي من 5 إلى 10 أيام عمل حسب سبب الاسترداد، مع ضرورة التأكد من صحة بياناتك البنكية لتجنب التأخير [historical_tickets:p0:Steps].
ملاحظة: المصادر تركز على استرداد المدفوعات وليس بشكل صريح على استرداد الأقساط كعبارة محددة.",CLA-Procedure-KSA-3.1#Process Flow; faq_database#Escalation; historical_tickets#Steps; historical_tickets#Procedure; historical_tickets#Steps; historical_tickets#Procedure; faq_database#Escalation; CLA-Procedure-KSA-3.1#Process Flow
q029,"The provided knowledge base does not list any riders or rider options for the life insurance policy. The LIFE-Policy-UAE-1.0 Introduction discusses policy terms and options but does not enumerate riders. The FAQ entries cover coverage amounts (Coverage), premiums (Premiums), and exclusions (الاستثناءات) but do not mention any riders. Additionally, the resolved ticket on Coverage Details does not reference any rider options either.",LIFE-Policy-UAE-1.0#Introduction; faq_database#Coverage; faq_database#Premiums; faq_database#الاستثناءات; historical_tickets#Coverage Details; faq_database#Coverage; LIFE-Policy-UAE-1.0#Introduction; faq_database#Premiums; historical_tickets#Coverage Details; faq_database#الاستثناءات
q030,"The provided context does not contain details about preventive care services under the health policy [faq_database:p1:Coverage][historical_tickets:p1:Coverage]. The available entries describe other coverages: - Surgical procedures are covered up to $50,000 per event [faq_database:p1:Coverage]. - Maternity services are covered up to $10,000 per pregnancy [historical_tickets:p1:Coverage]. - Chronic disease management programs are included, subject to annual limits [historical_tickets:p1:Coverage].",faq_database#Coverage; historical_tickets#Coverage; historical_tickets#Coverage; historical_tickets#Coverage; faq_database#Coverage; historical_tickets#Exclusions
q032,"In KSA, the appeals process consists of four stages: Submit Appeal, Internal Review, Decision, and Notification [APP-Process-KSA-2.1:p2:Appeal Flow]. The first step is Submit Appeal [APP-Process-KSA-2.1:p2:Appeal Flow]. To file an appeal, you must submit within 30 days of receiving a decision, and you should include a letter explaining your grounds for appeal and any new evidence. A review committee will examine the case and issue a final decision within 15 days of the hearing [historical_tickets:p1:Appeal Submission]. After submission, the process is linear: Submit Appeal followed by Internal Review, then Decision, then Notification [APP-Process-KSA-2.1:p2:Appeal Flow]. The stage after submitting an appeal is Internal Review [historical_tickets:p1:Appeal Flow]. The FAQ notes that the highlighted step in the appeals flow diagram is Internal Review (i.e., Internal Review is a key stage) [faq_database:p1:Appeal Flow]. In the sequence, Internal Review leads to the Decision, and the Decision leads to Notification [APP-Process-KSA-2.1:p2:Appeal Flow].",APP-Process-KSA-2.1#Appeal Flow; APP-Process-KSA-2.1#Appeal Flow; historical_tickets#Appeal Submission; historical_tickets#Appeal Flow; faq_database#Appeal Flow; APP-Process-KSA-2.1#Appeal Flow; historical_tickets#Appeal Flow; historical_tickets#Appeal Submission; faq_database#Appeal Flow; historical_tickets#Appeal Flow
q033,"لا توجد معلومات محددة في هذا السياق عن مراحل طلب الاستئناف. ما هو موثق هنا يصف مراحل المطالبة وليست إجراءات الاستئناف، ويمكن الاطلاع على مخطط تدفق المطالبات الذي يتضمن المراحل التالية: 

1. إبلاغ شركة التأمين: الاتصال بشركة التأمين خلال 24 ساعة [CLA-Procedure-KSA-3.1:p2:Process Flow].
2. تقديم المستندات: إكمال النموذج والمرفقات [CLA-Procedure-KSA-3.1:p2:Process Flow].
3. المراجعة الداخلية: تقوم شركة التأمين بتقييم المطالبة [CLA-Procedure-KSA-3.1:p2:Process Flow].
4. القرار: الدفع أو الرفض [CLA-Procedure-KSA-3.1:p2:Process Flow].

إذا كان المقصود بوضوح إجراءات الاستئناف نفسها، فالمحتوى المتاح هنا لا يذكر خطوات استئناف محددة. فضلًا قدّم سياقًا إضافيًا إن كان لديك مرجع استئناف محدد تريد تفسيره.",CLA-Procedure-KSA-3.1#Process Flow; CLA-Procedure-KSA-3.1#Process Flow; historical_tickets#Refund Workflow; historical_tickets#Claims Steps; faq_database#Refund Workflow; historical_tickets#Steps
q034,"Preventive care is included as a standard component of the health policy plans. Plans include hospitalisation, outpatient treatment, maternity, and preventive care [HLTH-Policy-KSA-1.0:p2:Benefits & Limits]. Preventive care is defined as routine screenings and check ups [HLTH-Policy-KSA-1.0:p5:Glossary]. The benefits & limits table specifies that preventive care has an unlimited annual limit, meaning there is no cap on preventive care spending under the policy [HLTH-Policy-KSA-1.0:p2:Benefits & Limits].",HLTH-Policy-KSA-1.0#Benefits & Limits; HLTH-Policy-KSA-1.0#Glossary; HLTH-Policy-KSA-1.0#Glossary; HLTH-Policy-KSA-1.0#Benefits & Limits; HLTH-Policy-KSA-1.0#Introduction; historical_tickets#Coverage; historical_tickets#Coverage
q035,"The provided knowledge base does not include a documented procedure for setting up autopay for premiums. What is documented: - Premiums can be paid annually, and discounts are often available for annual payments. This is noted in the Premiums section and related resolved tickets. [historical_tickets:p1:Premiums] - There is a 30-day grace period after the due date; if the premium remains unpaid beyond this period, coverage may be suspended until the outstanding amount is settled. [historical_tickets:p1:Grace Period and Penalties] - If a premium payment is missed, a late fee may be applied and coverage may be suspended until the payment is made. [historical_tickets:p1:Grace Period and Penalties] - For assistance with autopay specifically, the knowledge base suggests contacting customer service. [faq_database:p1:Common Issues]",historical_tickets#Premiums; historical_tickets#Grace Period and Penalties; faq_database#Common Issues; historical_tickets#Premiums; faq_database#Premiums; historical_tickets#Grace Period and Penalties; historical_tickets#Grace Period and Penalties; faq_database#Common Issues
q036,"The knowledge base does not provide details about off-road coverage under motor insurance. The motor insurance coverage described in the available documents covers own damage, third-party liability, and optional extras such as roadside assistance and agency repair. There are also exclusions listed, including illegal racing, driving without a licence, deliberate acts, or using the vehicle for commercial purposes without proper endorsement. Because off-road coverage specifics are not described in the provided content, a definitive definition or terms for off-road usage cannot be given from this context.",historical_tickets#Coverage; historical_tickets#Exclusions; historical_tickets#Coverage; historical_tickets#Exclusions; faq_database#التغطية; historical_tickets#Coverage
auto_036,"Preventive care coverage details are not specified in the provided knowledge base. Based on the health-policy related entries, the following coverages are described:
- Surgical procedures: Surgery is covered up to $50,000 per event under the health policy. [faq_database:p1:Coverage]
- Chronic disease management: Chronic disease management programs are included, covering conditions like diabetes and hypertension, subject to annual limits. [historical_tickets:p1:Coverage]
- Maternity services: Maternity services are covered up to $10,000 per pregnancy under the health policy. See the coverage table for details. [historical_tickets:p1:Coverage]",faq_database#Coverage; historical_tickets#Coverage; historical_tickets#Coverage; historical_tickets#Coverage; historical_tickets#Coverage; faq_database#Coverage; historical_tickets#Coverage; faq_database#التغطية
auto_037,"Step-by-step claim filing process from notification to settlement:

- Notify Insurer: Contact the insurer within 24 hours to initiate the claim. [CLA-Procedure-KSA-3.1:p2:Process Flow]
- Submit Documents: Complete the claim form and attach the required documents. [CLA-Procedure-KSA-3.1:p2:Process Flow]
- Internal Review: The insurer evaluates the claim. [CLA-Procedure-KSA-3.1:p2:Process Flow]
- Decision: The insurer makes a decision, resulting in payment (settlement) or denial. [CLA-Procedure-KSA-3.1:p2:Process Flow]",CLA-Procedure-KSA-3.1#Process Flow; CLA-Procedure-KSA-3.1#Process Flow; CLA-Procedure-KSA-3.1#Process Flow; CLA-Procedure-KSA-3.1#Process Flow; APP-Process-KSA-2.1#Appeal Flow; CLA-Procedure-KSA-3.1#Process Flow; faq_database#Claims Steps; SERV-Process-UAE-1.1#Service Workflow; APP-Process-KSA-2.1#Appeal Flow
auto_038,"The appeals process has four stages: submission of appeal, internal review, decision, and notification. A flow diagram clarifies the sequence, and a table lists deadlines for each stage. The stages, in order, are: Submit Appeal, Internal Review, Decision, and Notification. Policyholders may challenge a decision through an appeal, and the Introduction explains how to lodge an appeal, the evidence required and the timelines involved. Deadlines for each stage are as follows: Submit Appeal — 30 days from decision; Internal Review — 15 days; Decision — 5 days after review; Notification — 3 days after decision. The process is understood to proceed from submission to internal review, then to the decision, and finally to notification [APP-Process-KSA-2.1:p2:Appeal Flow][APP-Process-KSA-2.1:p2:Appeal Flow][APP-Process-KSA-2.1:p2:Appeal Flow][APP-Process-KSA-2.1:p1:Appeal Introduction]. A related ticket confirms that after an appeal is submitted, the next stage is Internal Review, and that the Decision stage comes after the Internal Review in the flow [historical_tickets:p1:Appeal Flow]. Another resolved ticket notes that the appeals committee issues a final decision within 15 days after the hearing, which is a separate timing reference from the main 5-day decision-after-review rule [historical_tickets:p1:Appeal Submission]. In short, the documented time limits specify: Submit Appeal (30 days from decision), Internal Review (15 days), Decision (5 days after review), and Notification (3 days after decision), with an additional historical reference indicating a 15-day final decision after a hearing in certain contexts [APP-Process-KSA-2.1:p2:Appeal Flow][APP-Process-KSA-2.1:p1:Appeal Introduction][historical_tickets:p1:Appeal Flow][historical_tickets:p1:Appeal Submission].",APP-Process-KSA-2.1#Appeal Flow; APP-Process-KSA-2.1#Appeal Flow; APP-Process-KSA-2.1#Appeal Flow; APP-Process-KSA-2.1#Appeal Introduction; historical_tickets#Appeal Flow; historical_tickets#Appeal Submission; APP-Process-KSA-2.1#Appeal Flow; historical_tickets#Appeal Submission; APP-Process-KSA-2.1#Appeal Introduction; historical_tickets#Appeal Flow; historical_tickets#Appeal Flow
auto_039,"You can pay premiums in instalments by selecting a payment frequency: monthly, quarterly, or annual. The Premium Schedule page shows how payments are distributed across the year and includes the due dates and amounts for each instalment. If you want to automate these payments, you can enable Autopay (automatic recurring payment setup). Annual payments are an option, and discounts may be available for paying annually. Also, there is a grace period after the due date during which you can pay without penalty if you miss a payment.",PAY-Policy-UAE-5.0#Premium Schedule; PAY-Policy-UAE-5.0#Premium Schedule; PAY-Policy-UAE-5.0#Glossary; faq_database#Premiums; PAY-Policy-UAE-5.0#Glossary; historical_tickets#Premiums; faq_database#Premiums; historical_tickets#Grace Period and Penalties; PAY-Policy-UAE-5.0#Glossary; PAY-Policy-UAE-5.0#Premium Schedule
auto_040,"- Policy number: You must include your policy number when submitting a refund request. [faq_database:p1:Steps]
- Reason for the refund: You must provide the reason for the refund. [faq_database:p1:Steps]
- Supporting documents: You should attach any supporting documents to substantiate the refund request. [faq_database:p1:Steps]
- Submission method: Submit the refund request via email or the web portal. [faq_database:p1:Steps]",faq_database#Steps; faq_database#Steps; REF-Process-UAE-1.2#Refund Overview; historical_tickets#Refund Workflow; faq_database#Refund Workflow; faq_database#Procedure
auto_041,"Key points on coverage details and term options based on the provided life policy documents:\n\n- Term definition: The glossary defines Term as the length of the coverage period [LIFE-Policy-UAE-1.0:p5:Glossary].\n- Term options: The excerpts do not list explicit term duration options beyond the definition of Term as the length of the coverage period [LIFE-Policy-UAE-1.0:p5:Glossary].\n- Beneficiary and premium definitions: A Beneficiary is the person receiving the policy benefit, and Premium is the payment for coverage [LIFE-Policy-UAE-1.0:p5:Glossary].\n- Premiums by age (and currency): Premiums increase with age, with examples shown as <30 = 1500 AED, 30-39 = 2000 AED, 40-49 = 3000 AED, 50-59 = 4500 AED, 60+ = 6000 AED. The currency used is AED [LIFE-Policy-UAE-1.0:p3:Premium Calculation].\n- Coverage example from historical ticket: A life policy chart note indicates the Enhanced Term product has the highest stated coverage of $100,000 [historical_tickets:p1:Coverage Details].",LIFE-Policy-UAE-1.0#Glossary; LIFE-Policy-UAE-1.0#Glossary; LIFE-Policy-UAE-1.0#Premium Calculation; historical_tickets#Coverage
auto_042,"The knowledge base you provided does not contain a definition or description of off-road coverage in motor insurance [faq_database:p1:Coverage][historical_tickets:p1:Coverage]. Based on the available documents, the following related information is documented: - Comprehensive motor insurance includes own damage, third-party liability, and optional extras like roadside assistance and agency repair [historical_tickets:p1:Coverage]. - Comprehensive coverage offers the highest limit among motor coverage options [faq_database:p1:Coverage].",faq_database#Coverage; historical_tickets#Coverage; historical_tickets#Coverage; faq_database#Coverage; historical_tickets#Coverage; faq_database#Coverage; faq_database#التغطية; faq_database#Premiums
auto_043,"If you do not receive the OTP, start with these steps: 1) Check your network connectivity and ensure your contact details are correct so the OTP can reach you [OTP-Procedure-UAE-2.1:p3:Troubleshooting]. 2) If the OTP still does not arrive, request a new OTP [OTP-Procedure-UAE-2.1:p3:Troubleshooting]. 3) If the OTP has expired, request a new code [OTP-Procedure-UAE-2.1:p3:Troubleshooting]. 4) If you entered the OTP incorrectly, re-enter it carefully [OTP-Procedure-UAE-2.1:p3:Troubleshooting]. 5) If the OTP is delayed, allow extra time or resend the OTP [OTP-Procedure-UAE-2.1:p3:Troubleshooting]. 

Contextual flow: The OTP login flow consists of four steps in order: 1) Enter Credentials, 2) Receive OTP, 3) Enter OTP, 4) Access Dashboard [OTP-Procedure-UAE-2.1:p2:Step by Step Procedure]. The first step is to enter your credentials (username and password) [historical_tickets:p1:Step‑by‑Step Procedure], and the second step is to receive the OTP after entering credentials [faq_database:p1:Step‑by‑Step Procedure].",OTP-Procedure-UAE-2.1#Troubleshooting; OTP-Procedure-UAE-2.1#Step by Step Procedure; historical_tickets#Step‑by‑Step Procedure; faq_database#Step‑by‑Step Procedure; OTP-Procedure-UAE-2.1#Troubleshooting; historical_tickets#Step‑by‑Step Procedure; faq_database#Step‑by‑Step Procedure; historical_tickets#Procedure; OTP-Procedure-UAE-2.1#Step by Step Procedure
auto_044,"The knowledge base does not specify customer service channels (e.g., phone, email, chat) or per-channel response times in the provided content. The only stated response-time detail is that critical issues receive a response within one hour.",faq_database#Service Workflow; faq_database#Service Workflow; faq_database#Service Workflow; faq_database#Call Flow; historical_tickets#Service Workflow; faq_database#Call Flow
auto_045,"The provided knowledge base does not contain a step-by-step process for designating beneficiaries on a life policy. The Introduction notes beneficiaries as a topic to consider in life insurance but does not provide specific steps or guidance on how to designate beneficiaries. Therefore, I cannot provide procedural instructions from this source based on the available content. [LIFE-Policy-UAE-1.0:p1:Introduction]",LIFE-Policy-UAE-1.0#Introduction; LIFE-Policy-UAE-1.0#Introduction; historical_tickets#Coverage Details; faq_database#Premiums; faq_database#Coverage; faq_database#Common Issues
auto_046,"وفقاً لقاعدة المعرفة، يوجد خمس خطوات في مخطط عملية الاسترداد [historical_tickets:p2:Refund Workflow]. أما الخطوة الثانية فهي التحقق من صحة البيانات المالية قبل المتابعة [faq_database:p1:Refund Workflow]. بالإضافة إلى ذلك، عادةً ما تستغرق عملية استرداد المدفوعات من 5 إلى 10 أيام عمل بحسب سبب الاسترداد، وينبغي التأكد من صحة بياناتك البنكية لتجنب التأخير [historical_tickets:p3:Steps].",historical_tickets#Refund Workflow; faq_database#Refund Workflow; historical_tickets#Steps; faq_database#Refund Workflow; CLA-Procedure-KSA-3.1#Process Flow
auto_047,Autopay هو إعداد الدفع التلقائي المتكرر [PAY-Policy-UAE-5.0:p4:Glossary]. النص المتاح يعرّف Autopay كإعداد دفع تلقائي متكرر، ولكنه لا يورد خطوات تفعيل محددة ضمن الوثائق المقدمة [PAY-Policy-UAE-5.0:p4:Glossary]. لذا، لا يوجد في المصادر المرسلة خطوات خطوة بخطوة لتفعيل الدفع التلقائي للقسط [PAY-Policy-UAE-5.0:p4:Glossary].,PAY-Policy-UAE-5.0#Glossary; PAY-Policy-UAE-5.0#Glossary; historical_tickets#Procedure; faq_database#Premiums; historical_tickets#Procedure; historical_tickets#Procedure
auto_048,"لا توجد معلومات صريحة في المصادر المرفقة تحدد شروط تغطية الحالات السابقة في التأمين الصحي.[faq_database:p1:Coverage]

مع ذلك، تشير الوثائق إلى أن التغطية الصحية تشمل الأمومة حتى الحد المذكور في جدول التغطيات، إضافة إلى خدمات الطوارئ والأمراض المزمنة.[historical_tickets:p1:Coverage]

للتأكد من وجود تغطية محددة للحالات السابقة في وثيقة التأمين الصحي الخاصة بك، راجع شروط الوثيقة المعنية أو تواصل مع شركة التأمين وفقاً لإجراء المطالبة الذي ينص على إبلاغ الشركة أولاً بوقوع الحادث، ثم ملء نموذج المطالبة وتقديم الوثائق الداعمة ليتم تقييم المستندات واتخاذ القرار.[historical_tickets:p1:Procedure]",faq_database#Coverage; historical_tickets#Coverage; historical_tickets#Procedure; faq_database#Coverage; faq_database#Mixed Product Benefits; historical_tickets#Procedure; historical_tickets#Exclusions; historical_tickets#Coverage
auto_049,الوثائق الأساسية المطلوبة لتقديم المطالبة هي: 1) نموذج المطالبة مملوءة، و2) الوثائق الداعمة المرفقة مع الطلب. هذا يتوافق مع خطوة إرسال المستندات التي تنص على أن يتم تعبئة النموذج وإرفاق المرفقات مع المطالبة [CLA-Procedure-KSA-3.1:p2:Process Flow]. وفقاً لسجلات التذاكر المحلولة، يجب أولاً إخطار شركة التأمين بوقوع الحادث، ثم تعبئة نموذج المطالبة وإرفاق الوثائق الداعمة، وبعد ذلك تتم مراجعة المستندات وتقييمها ليُتخذ قرار بشأن المطالبة [historical_tickets:p1:Procedure]. بناءً على ذلك، بعد تقديم المستندات يتم تقييم المطالبة ثم يتم اتخاذ القرار وإبلاغ العميل [historical_tickets:p3:Claims Steps].,CLA-Procedure-KSA-3.1#Process Flow; historical_tickets#Procedure; historical_tickets#Claims Steps; historical_tickets#Procedure; CLA-Procedure-KSA-3.1#Process Flow; historical_tickets#Procedure; historical_tickets#Claims Steps; historical_tickets#Procedure
auto_050,لا توجد معلومات في النص المعطى حول كيفية تحديث المستفيدين في بوليصة الحياة. إذا لم يتم الرد على طلبك خلال الزمن المحدد، يمكنك تصعيده إلى القسم المختص، وستتلقى تقديراً زمنياً جديداً للمعالجة.,faq_database#Escalation; historical_tickets#Procedure; historical_tickets#Procedure; historical_tickets#Exclusions; faq_database#Escalation; historical_tickets#Procedure
auto_051,"After submitting documents, the next step in the claims flow is Internal Review. The process flow chart shows the sequence as Notify Insurer -> Submit Documents -> Internal Review -> Decision -> Payment [CLA-Procedure-KSA-3.1:p2:Process Flow].",CLA-Procedure-KSA-3.1#Process Flow; historical_tickets#Process Flow; CLA-Procedure-KSA-3.1#Process Flow; faq_database#Claims Steps; faq_database#Process Flow; historical_tickets#Process Flow
auto_052,March has the lowest premium in the payment chart (the sample payment chart shows March as having the lowest premium of $80).,faq_database#Premium Schedule; historical_tickets#Premium Schedule; faq_database#Premium Schedule; historical_tickets#Premium Schedule; historical_tickets#Premium Schedule; faq_database#Premium Schedule
auto_053,"The discount is 10% when purchasing motor, health and life policies together, noted as the highest discount in the Mixed Product Benefits record [historical_tickets:p1:Mixed Product Benefits].",historical_tickets#Mixed Product Benefits; historical_tickets#Mixed Product Benefits; MIX-Policy-UAE-1.0#Premium Comparison; MIX-Policy-UAE-1.0#Introduction; faq_database#Premiums; MIX-Policy-UAE-1.0#Premium Comparison
auto_054,"The stage after internal review is the Decision stage, during which the appeals committee issues its decision [faq_database:p1:Appeal Steps]. This stage is followed by the Notification stage, and the overall sequence is Internal Review -> Decision -> Notification, with the Decision being issued after the internal review [APP-Process-KSA-2.1:p2:Appeal Flow]. Timing details in the flow indicate that the Decision occurs 5 days after the review and the Notification occurs 3 days after the decision [APP-Process-KSA-2.1:p2:Appeal Flow].",faq_database#Appeal Steps; APP-Process-KSA-2.1#Appeal Flow; APP-Process-KSA-2.1#Appeal Flow; faq_database#Appeal Steps; historical_tickets#Appeal Flow; historical_tickets#Appeal Flow; historical_tickets#Appeal Steps
auto_055,"From the motor chart, the Comprehensive plan has the highest annual premium, at $600. [historical_tickets:p1:Coverage Summary]",historical_tickets#Coverage Summary; historical_tickets#Coverage Summary; historical_tickets#Premium Factors; faq_database#Premium Schedule; historical_tickets#Mixed Product Benefits
auto_056,"There is no stage after Notification in the appeal flow; the process ends with the Notification stage, which is the final step in the four-stage sequence (Submit Appeal -> Internal Review -> Decision -> Notification) [APP-Process-KSA-2.1:p2:Appeal Flow].",APP-Process-KSA-2.1#Appeal Flow; historical_tickets#Appeal Flow; faq_database#Appeal Flow; historical_tickets#Appeal Flow; APP-Process-KSA-2.1#Appeal Flow; historical_tickets#Appeal Flow
auto_057,February has the lowest refund amount according to the refund chart.,historical_tickets#Amount Calculation; historical_tickets#Refund Workflow; historical_tickets#Amount Calculation; faq_database#Premium Schedule; historical_tickets#Premium Schedule
auto_058,"The second step in the customer service flow is Verification [SERV-Process-UAE-1.1:p2:Service Workflow]. The Service Workflow lists the steps in order as: Greeting, Verification, Issue Identification, Resolution, Closure, and Feedback [SERV-Process-UAE-1.1:p2:Service Workflow]. Verification is defined as confirming the customer's identity [SERV-Process-UAE-1.1:p4:Glossary].",SERV-Process-UAE-1.1#Service Workflow; SERV-Process-UAE-1.1#Glossary; SERV-Process-UAE-1.1#Service Workflow; faq_database#Call Flow; historical_tickets#Service Workflow; SERV-Process-UAE-1.1#Glossary; faq_database#Call Flow
auto_059,"Premiums for a life policy are calculated based on several factors: age, health, lifestyle, and the sum insured [faq_database:p1:Premiums]. Discounts may be available for annual payment plans [faq_database:p1:Premiums].",faq_database#Premiums; faq_database#Premiums; faq_database#Service Workflow; faq_database#الاستثناءات; faq_database#Refund Workflow
auto_060,"You can find information about chronic illness coverage in the health policy document HLTH-Policy-KSA-1.0, specifically in the Chronic Conditions section (Page 4). This section notes that preexisting conditions may require waiting periods or higher premiums and discusses coverage rules related to chronic conditions. Additionally, the resolved tickets indicate that chronic disease management programs are included under the policy, covering conditions such as diabetes and hypertension, subject to annual limits.",HLTH-Policy-KSA-1.0#Chronic Conditions; HLTH-Policy-KSA-1.0#Chronic Conditions; historical_tickets#Coverage; historical_tickets#Coverage; HLTH-Policy-KSA-1.0#Chronic Conditions; historical_tickets#Premiums; LIFE-Policy-UAE-1.0#Coverage Options; historical_tickets#Coverage Details
auto_061,"There is no coverage option that provides AED 1; the life policy coverage amounts shown are AED 500,000, AED 1,000,000, and AED 2,000,000 with corresponding premiums. Therefore, no option provides AED 1. The highest coverage tier in the life policy table is AED 2,000,000 [LIFE-Policy-UAE-1.0:p2:Coverage Options]. If you refer to the guidance in the FAQ, the AED 2,000,000 coverage tier offers the highest protection [faq_database:p1:Coverage].",LIFE-Policy-UAE-1.0#Coverage Options; faq_database#Coverage; faq_database#Coverage; LIFE-Policy-UAE-1.0#Coverage Options; historical_tickets#Coverage Details; faq_database#Coverage
auto_062,The OTP login flow begins with entering credentials (username and password).,OTP-Procedure-UAE-2.1#Step by Step Procedure; historical_tickets#Step‑by‑Step Procedure; OTP-Procedure-UAE-2.1#Step by Step Procedure; faq_database#Step‑by‑Step Procedure; OTP-Procedure-UAE-2.1#Login Introduction; OTP-Procedure-UAE-2.1#Step by Step Procedure
auto_063,"Bundling policies provides a discount, i.e., a reduced premium for combined coverages [MIX-Policy-UAE-1.0:p5:Glossary]. In this context, a Bundle is defined as a package combining multiple coverages [MIX-Policy-UAE-1.0:p5:Glossary].",MIX-Policy-UAE-1.0#Glossary; MIX-Policy-UAE-1.0#Glossary; MIX-Policy-UAE-1.0#Glossary; faq_database#Claims Steps; faq_database#Process Flow; faq_database#التغطية
auto_064,الخطوة التالية بعد المراجعة الداخلية في مسار المطالبات هي اتخاذ القرار بشأن المطالبة، ثم إبلاغ العميل بنتيجة القرار.,historical_tickets#Claims Steps; historical_tickets#Claims Steps; historical_tickets#Procedure; historical_tickets#Procedure; faq_database#Refund Workflow; historical_tickets#Procedure
auto_065,أعلى قيمة مستردة تظهر في أبريل، كما هو ظاهر في الرسم البياني للمبالغ المستردة.,historical_tickets#Amount Calculation; historical_tickets#Procedure; faq_database#Step‑by‑Step Procedure; historical_tickets#Service Workflow; historical_tickets#Amount Calculation
auto_066,Five steps are shown in the refund process flow [faq_database:p1:Refund Workflow] [historical_tickets:p1:Refund Workflow].,faq_database#Refund Workflow; historical_tickets#Refund Workflow; faq_database#Refund Workflow; historical_tickets#Refund Workflow; OTP-Procedure-UAE-2.1#Step by Step Procedure; faq_database#Claims Steps; REF-Process-UAE-1.2#Refund Overview
auto_067,"The last stage of the customer service flow is Feedback, which comes after Closure in the flow sequence.",SERV-Process-UAE-1.1#Service Workflow; SERV-Process-UAE-1.1#Service Workflow; historical_tickets#Service Workflow; faq_database#Call Flow; faq_database#Call Flow; faq_database#Service Workflow
auto_068,"Not enough information is available in the provided knowledge base to identify the life policy coverage tier with the smallest annual premium. The only life policy coverage detail shown is that the AED 2,000,000 coverage tier represents the highest protection; the source does not specify any lower premium tiers or their costs. [faq_database:p1:Coverage]",faq_database#Coverage; faq_database#Coverage; faq_database#Coverage; faq_database#Premium Schedule; historical_tickets#Multi‑Plan Coverage
auto_069,February has the lowest premium in the payment policy bar chart. The premium for February is 80 AED.,PAY-Policy-UAE-5.0#Premium Schedule; PAY-Policy-UAE-5.0#Premium Schedule; historical_tickets#Premium Schedule; historical_tickets#Premium Schedule; faq_database#Premium Schedule; PAY-Policy-UAE-5.0#Premium Schedule; faq_database#Premium Schedule
auto_070,"After 'Receive OTP', the flow moves to 'Enter OTP' (Step 3) [OTP-Procedure-UAE-2.1:p2:Step by Step Procedure]. You must enter the OTP you received within the time limit [OTP-Procedure-UAE-2.1:p2:Step by Step Procedure]. Once the OTP is entered, the flow proceeds to 'Access Dashboard' (i.e., you gain access to your dashboard) [OTP-Procedure-UAE-2.1:p2:Step by Step Procedure].",OTP-Procedure-UAE-2.1#Step by Step Procedure; faq_database#Step‑by‑Step Procedure; historical_tickets#Step‑by‑Step Procedure; OTP-Procedure-UAE-2.1#Step by Step Procedure; OTP-Procedure-UAE-2.1#Login Introduction; OTP-Procedure-UAE-2.1#Step by Step Procedure
auto_071,يضم مسار الاسترداد خمس خطوات [historical_tickets:p1:Refund Workflow].,historical_tickets#Refund Workflow; historical_tickets#Refund Workflow; faq_database#Refund Workflow; historical_tickets#Steps; CLA-Procedure-KSA-3.1#Process Flow; historical_tickets#Claims Steps
q037,"Based on the provided knowledge base, the appeals flow is described as following a sequence where Internal Review leads to the Appeals Committee issuing its decision, and the Decision’s outcome is then communicated in the Notification stage. The sources do not document any step that occurs after the Notification stage, so there is no documented next step in the appeals flow within the provided materials. In short: Notification is described as following the Decision, and no subsequent step is specified in the given documents.",faq_database#Appeal Steps; faq_database#Appeal Flow; historical_tickets#Appeal Flow; historical_tickets#Appeal Flow; faq_database#Appeal Flow; historical_tickets#Appeal Flow; faq_database#Appeal Flow; faq_database#Appeal Steps
q038,"March has the highest premium in the payment chart. The Premium Schedule chart lists March at 120 AED, which is indicated as the highest value in the chart [PAY-Policy-UAE-5.0:p2:Premium Schedule].

Note: There is a discrepancy in the FAQ entries, which state that April is the highest premium; however, the official chart shows March as the highest [faq_database:p1:Premium Schedule].",PAY-Policy-UAE-5.0#Premium Schedule; faq_database#Premium Schedule; faq_database#Premium Schedule; PAY-Policy-UAE-5.0#Premium Schedule; faq_database#Premium Schedule; historical_tickets#Amount Calculation; faq_database#Premium Schedule
q039,"المحتوى المتاح لا يذكر حدًا محدد لعملية جراحية ضمن التغطية [faq_database:p1:Coverage]. الحد الأقصى المعلن هو 2,000,000 درهم وفق جدول التغطية [faq_database:p1:Coverage]. لمعرفة الحد المخصص لكل نوع من الخدمات، راجع جدول التغطية في وثيقة التأمين الخاصة بك [faq_database:p1:Coverage].",faq_database#Coverage; faq_database#Coverage; faq_database#Coverage; faq_database#Coverage; faq_database#Mixed Product Benefits; faq_database#Coverage; faq_database#Coverage
q040,"There are five stages in the service workflow diagram: Greeting, Verification, Resolution, Feedback, and Closure [faq_database:p1:Service Workflow].",faq_database#Service Workflow; faq_database#Service Workflow; historical_tickets#Refund Workflow; historical_tickets#Call Flow; faq_database#Refund Workflow
q041,"After receiving the OTP, the next step is to enter the OTP within the time limit [OTP-Procedure-UAE-2.1:p2:Step by Step Procedure]. After you enter the OTP, you can access your dashboard [OTP-Procedure-UAE-2.1:p2:Step by Step Procedure].",OTP-Procedure-UAE-2.1#Step by Step Procedure; OTP-Procedure-UAE-2.1#Step by Step Procedure; OTP-Procedure-UAE-2.1#Step by Step Procedure; faq_database#Step‑by‑Step Procedure; historical_tickets#Step‑by‑Step Procedure; historical_tickets#Procedure
